Nombre,Artista,Álbum,Género,SpotifyID,Imagen,URL_Spotify
Rockstar,Duki,Rockstar,rock,3E4ZzO4ySupnYypDPXcc3D,https://i.scdn.co/image/ab67616d0000b2732f405d5d63a07b98ced1521a,https://open.spotify.com/track/3E4ZzO4ySupnYypDPXcc3D
Rockstar,LISA,Rockstar,rock,6vvPecFTmWxDfEJ6cYT1wa,https://i.scdn.co/image/ab67616d0000b27383b619e9b866341866fb13e3,https://open.spotify.com/track/6vvPecFTmWxDfEJ6cYT1wa
Rock Lobster,The B-52's,The B-52's,rock,2Q5wSOwq6BDSu7sSVMNrtT,https://i.scdn.co/image/ab67616d0000b2739e2d3bc7ecb09e5124cd3f97,https://open.spotify.com/track/2Q5wSOwq6BDSu7sSVMNrtT
Rock That Body,Black Eyed Peas,THE E.N.D. (THE ENERGY NEVER DIES) [Deluxe Version],rock,2WQ09wqQBIOor7Q0VpIDBK,https://i.scdn.co/image/ab67616d0000b2730bd44f5ff9ecc99f7770acc5,https://open.spotify.com/track/2WQ09wqQBIOor7Q0VpIDBK
ROCKSTAR,Junior H,$AD BOYZ 4 LIFE II,rock,6YOfGIE6iFxC7G8OlGGvzW,https://i.scdn.co/image/ab67616d0000b273f3ba6742a35f111aaea1ca2f,https://open.spotify.com/track/6YOfGIE6iFxC7G8OlGGvzW
Rocket Queen,Guns N' Roses,Appetite For Destruction,rock,0xaNdYwK8ZF3cHSjraQGC0,https://i.scdn.co/image/ab67616d0000b27321ebf49b3292c3f0f575f0f5,https://open.spotify.com/track/0xaNdYwK8ZF3cHSjraQGC0
rockstar (feat. 21 Savage),Post Malone,beerbongs & bentleys,rock,0e7ipj03S05BNilyu5bRzt,https://i.scdn.co/image/ab67616d0000b273b1c4b76e23414c9f20242268,https://open.spotify.com/track/0e7ipj03S05BNilyu5bRzt
Rockabye (feat. Sean Paul & Anne-Marie),Clean Bandit,Speak Your Mind (Deluxe),rock,3fvY2U1AzW0diYF0hnBbKt,https://i.scdn.co/image/ab67616d0000b2731192ae62dfe52262a3cc3fed,https://open.spotify.com/track/3fvY2U1AzW0diYF0hnBbKt
Rock with You - Single Version,Michael Jackson,Off the Wall,rock,7oOOI85fVQvVnK5ynNMdW7,https://i.scdn.co/image/ab67616d0000b2737027294551db4fda68b5ddac,https://open.spotify.com/track/7oOOI85fVQvVnK5ynNMdW7
Rock DJ,Robbie Williams,Rock DJ,rock,71N1Ob14XLnH5JwsmvXhXj,https://i.scdn.co/image/ab67616d0000b273e7d159d7a318ab34bfbef419,https://open.spotify.com/track/71N1Ob14XLnH5JwsmvXhXj
Rockstar,Andre TG,Rockstar,rock,5yUNJjYSI4nbsoFCm0NL1I,https://i.scdn.co/image/ab67616d0000b2733174c7c54f8247244be64003,https://open.spotify.com/track/5yUNJjYSI4nbsoFCm0NL1I
rockstar - Remix,Post Malone,rockstar (Remix),rock,4fy6HNnu1XXq2j1Y56EP2H,https://i.scdn.co/image/ab67616d0000b27304556dbfcea1800ff7fca0f5,https://open.spotify.com/track/4fy6HNnu1XXq2j1Y56EP2H
Mujer Amante,Rata Blanca,"Magos, Espadas Y Rosas",rock,4eCrF1FgVL4se3AkHOnLDL,https://i.scdn.co/image/ab67616d0000b273b80d4eba7c68ee5f6bd5d907,https://open.spotify.com/track/4eCrF1FgVL4se3AkHOnLDL
Rock Your Body,Justin Timberlake,Justified,rock,1AWQoqb9bSvzTjaLralEkT,https://i.scdn.co/image/ab67616d0000b273346a5742374ab4cf9ed32dee,https://open.spotify.com/track/1AWQoqb9bSvzTjaLralEkT
Rock N' Love,LosPetitFellas,Historias Mínimas,rock,6ZEMY8yuqFmOSGkiHYADTx,https://i.scdn.co/image/ab67616d0000b273ca74eba133d584415a52ce07,https://open.spotify.com/track/6ZEMY8yuqFmOSGkiHYADTx
I Was Made For Lovin' You,KISS,Dynasty,rock,07q0QVgO56EorrSGHC48y3,https://i.scdn.co/image/ab67616d0000b2734384b6976cadaec272114022,https://open.spotify.com/track/07q0QVgO56EorrSGHC48y3
"Very, Very Well",Carlos Roman,Baranoa,rock,5qPn3ePS0U0sXnpNkwSdlm,https://i.scdn.co/image/ab67616d0000b27347d1f18b0dd073842cd4b4b8,https://open.spotify.com/track/5qPn3ePS0U0sXnpNkwSdlm
Fiesta Pagana,Mägo de Oz,Finisterra,rock,02dphTJYUQ9pmdNC52iyOz,https://i.scdn.co/image/ab67616d0000b2733e782d96dc4cbe7950a274a9,https://open.spotify.com/track/02dphTJYUQ9pmdNC52iyOz
Tren Al Sur,Los Prisioneros,Corazones,rock,6W1BLmVBxkqZwFQcORQLnv,https://i.scdn.co/image/ab67616d0000b27398daeb6fc14ffafc7abaa4c6,https://open.spotify.com/track/6W1BLmVBxkqZwFQcORQLnv
Mil Horas,Los Abuelos De La Nada,Completo,rock,4AvQGX7JNmA0VkwT1JmL8D,https://i.scdn.co/image/ab67616d0000b2731a242642520465ef5a9c1b68,https://open.spotify.com/track/4AvQGX7JNmA0VkwT1JmL8D
"Rocket Man (I Think It's Going To Be A Long, Long Time)",Elton John,Honky Chateau,rock,3gdewACMIVMEWVbyb8O9sY,https://i.scdn.co/image/ab67616d0000b2733009007708ab5134936a58b3,https://open.spotify.com/track/3gdewACMIVMEWVbyb8O9sY
Para No Verte Más,La Mosca,Visperas De Carnaval,rock,19CmuECYssqkPWANF4nLWM,https://i.scdn.co/image/ab67616d0000b27360fc79eea7acba5248619f82,https://open.spotify.com/track/19CmuECYssqkPWANF4nLWM
Auto Rojo,Vilma Palma e Vampiros,3980,rock,5PSCWHpXi8I45NXURHyhBA,https://i.scdn.co/image/ab67616d0000b27354093f2cb7fb82bcd7f30539,https://open.spotify.com/track/5PSCWHpXi8I45NXURHyhBA
Lobo-hombre en París,La Unión,Grandes Exitos,rock,3M1H1CWjrSq7nxABHc8EXv,https://i.scdn.co/image/ab67616d0000b27308aef4057b0b7b2a3405b39f,https://open.spotify.com/track/3M1H1CWjrSq7nxABHc8EXv
Lenguaje de Mi Piel,Kraken,Piel de Cobre,rock,4XPeJ2xUr6eZxIL8Q3YIQa,https://i.scdn.co/image/ab67616d0000b2738abfad7e3b0f3ccaf04898d5,https://open.spotify.com/track/4XPeJ2xUr6eZxIL8Q3YIQa
RoCKSTAR 2.0,Duki,RoCKSTAR 2.0,rock,4xUtTQuVT6UBF76SPsgOsr,https://i.scdn.co/image/ab67616d0000b2735c3a89cf41a72acafa4d5781,https://open.spotify.com/track/4xUtTQuVT6UBF76SPsgOsr
Eye of the Tiger,Survivor,Rocky IV,rock,2KH16WveTQWT6KOG9Rg6e2,https://i.scdn.co/image/ab67616d0000b273f4a2ccbe20d6d52f16816812,https://open.spotify.com/track/2KH16WveTQWT6KOG9Rg6e2
De Música Ligera,Soda Stereo,Obras Cumbres (Parte 2),rock,4it4NYn9wNqGV54joA6oN0,https://i.scdn.co/image/ab67616d0000b2731bbe81fc1e928f05149e49ab,https://open.spotify.com/track/4it4NYn9wNqGV54joA6oN0
Flaca,Andrés Calamaro,Alta Suciedad,rock,1p7m9H4H8s0Y7SgRm7j3ED,https://i.scdn.co/image/ab67616d0000b273e4b8ec3d2ffe1f77c7185d48,https://open.spotify.com/track/1p7m9H4H8s0Y7SgRm7j3ED
La flaca,Jarabe De Palo,La Flaca,rock,2LsbizbOeNa4x6qsi2jAMb,https://i.scdn.co/image/ab67616d0000b27347a83522c634e84f937a897e,https://open.spotify.com/track/2LsbizbOeNa4x6qsi2jAMb
Oye Mi Amor,Maná,¿Dónde Jugarán Los Niños?,rock,5EJ2THuhAapEIeQOtXUQ0x,https://i.scdn.co/image/ab67616d0000b27363f3b7f5abf86ad483b57b77,https://open.spotify.com/track/5EJ2THuhAapEIeQOtXUQ0x
Sweet Child O' Mine,Guns N' Roses,Appetite For Destruction,rock,7snQQk1zcKl8gZ92AnueZW,https://i.scdn.co/image/ab67616d0000b27321ebf49b3292c3f0f575f0f5,https://open.spotify.com/track/7snQQk1zcKl8gZ92AnueZW
Molinos De Viento,Mägo de Oz,La Leyenda De La Mancha,rock,19vhfSUgVJO2enJ6XidUGO,https://i.scdn.co/image/ab67616d0000b273336f616308938ffc4200fecd,https://open.spotify.com/track/19vhfSUgVJO2enJ6XidUGO
Lamento Boliviano,Los Enanitos Verdes,Big Bang,rock,6Pur3hWy6Nzc27ilmsp5HA,https://i.scdn.co/image/ab67616d0000b27335bf8a2179962114b8ec7585,https://open.spotify.com/track/6Pur3hWy6Nzc27ilmsp5HA
Devuélveme a mi chica,Hombres G,Hombres G (Edición 30 Aniversario),rock,1Wrzhfa5bNlqvsnCztz190,https://i.scdn.co/image/ab67616d0000b2734bebefadddafd8c9e20a8c35,https://open.spotify.com/track/1Wrzhfa5bNlqvsnCztz190
Rockstar,LISA,Alter Ego,rock,65ZihkVQO3KqPj7ZKxmcev,https://i.scdn.co/image/ab67616d0000b27395ce3d848f4e452489d4a12c,https://open.spotify.com/track/65ZihkVQO3KqPj7ZKxmcev
Rockabye (feat. Sean Paul & Anne-Marie),Clean Bandit,What Is Love? (Deluxe Edition),rock,2hrUO4drrO63i7FYbCLBl2,https://i.scdn.co/image/ab67616d0000b2735c66e925d8fe4c92ebfb49ed,https://open.spotify.com/track/2hrUO4drrO63i7FYbCLBl2
Los Rockstar No Van Al Cielo - Remix,Hanzel La H,Los Rockstar No Van Al Cielo (Remix),rock,63NzbBRuMRtzMNKhL0RizU,https://i.scdn.co/image/ab67616d0000b273f54d135e63d6f5d897abb55e,https://open.spotify.com/track/63NzbBRuMRtzMNKhL0RizU
Lovers Rock,TV Girl,French Exit,rock,6dBUzqjtbnIa1TwYbyw5CM,https://i.scdn.co/image/ab67616d0000b273e1bc1af856b42dd7fdba9f84,https://open.spotify.com/track/6dBUzqjtbnIa1TwYbyw5CM
Los Rockstar No Van Al Cielo,Ovi,Los Rockstar No Van Al Cielo,rock,5bh8LBXTKPJ8nl9yWuonqo,https://i.scdn.co/image/ab67616d0000b273e88ff2b201d875bbd10fc213,https://open.spotify.com/track/5bh8LBXTKPJ8nl9yWuonqo
Popurri Juan Gabriel Medley,Pandora,Solo Lo Mejor - 20 Exitos,pop,2HtaztxlMW5bPI7ddDSXDd,https://i.scdn.co/image/ab67616d0000b2737be1f1346c93743f1d6086d6,https://open.spotify.com/track/2HtaztxlMW5bPI7ddDSXDd
POPSTAR (feat. Drake),DJ Khaled,POPSTAR (feat. Drake),pop,6EDO9iiTtwNv6waLwa1UUq,https://i.scdn.co/image/ab67616d0000b273efaecb4b9cbae7c120d14617,https://open.spotify.com/track/6EDO9iiTtwNv6waLwa1UUq
Popular (with Playboi Carti & Madonna) - From The Idol Vol. 1 (Music from the HBO Original Series),The Weeknd,Popular (Music from the HBO Original Series),pop,6WzRpISELf3YglGAh7TXcG,https://i.scdn.co/image/ab67616d0000b2734c8f092adc59b4bf4212389d,https://open.spotify.com/track/6WzRpISELf3YglGAh7TXcG
POP OUT,Playboi Carti,MUSIC,pop,3j3SfV4hAcR4XjCvW393Gr,https://i.scdn.co/image/ab67616d0000b2736b219c8d8462bfe254a20469,https://open.spotify.com/track/3j3SfV4hAcR4XjCvW393Gr
Popular,Ariana Grande,Wicked: The Soundtrack,pop,3i8fIJNV0yuC4kXT3SkVBZ,https://i.scdn.co/image/ab67616d0000b27341ded89391c5350f6b8f991c,https://open.spotify.com/track/3i8fIJNV0yuC4kXT3SkVBZ
Pop Muzik,M / Robin Scott,Pop Muzik,pop,6z3HAUZpAyJ0ctsbAwAiw3,https://i.scdn.co/image/ab67616d0000b27381baa715d926ff54df1620f4,https://open.spotify.com/track/6z3HAUZpAyJ0ctsbAwAiw3
POP!,NAYEON,IM NAYEON,pop,3lOMJTQTd6J34faYwASc33,https://i.scdn.co/image/ab67616d0000b2735fb4a9cfbeb3b7beb337ed02,https://open.spotify.com/track/3lOMJTQTd6J34faYwASc33
Hips Don't Lie - Spotify Anniversary Version,Shakira,Spotify Anniversary | Oral Fixation (20th) and Pies Descalzos (30th) LIVE,pop,2oaGtVSJwivQkslaiDXOTr,https://i.scdn.co/image/ab67616d0000b273d5c717a748b40b026290622f,https://open.spotify.com/track/2oaGtVSJwivQkslaiDXOTr
El Agropecuario,Joaquin Guiller,El Agropecuario,pop,3Xq3SxdRD48Cz3i8L7P70r,https://i.scdn.co/image/ab67616d0000b273704a493f1aa3aea4b63e9a28,https://open.spotify.com/track/3Xq3SxdRD48Cz3i8L7P70r
Dior,Pop Smoke,Meet The Woo,pop,79s5XnCN4TJKTVMSmOx8Ep,https://i.scdn.co/image/ab67616d0000b2738fe5d04b06aff90f9fe796f5,https://open.spotify.com/track/79s5XnCN4TJKTVMSmOx8Ep
Popurri 01: La Vecina / Guayabo Zarandiao / El Gabancito / Tu Alma Y La Mia / Tierra Negra / De Moda Que Si / Mi Sombrero,Emily Galaviz,Popurri 01: La Vecina / Guayabo Zarandiao / El Gabancito / Tu Alma Y La Mia / Tierra Negra / De Moda Que Si / Mi Sombrero,pop,7cIyH8y7A7QdSNm8XQqfKJ,https://i.scdn.co/image/ab67616d0000b2732d115b9be0b91a187964bf2b,https://open.spotify.com/track/7cIyH8y7A7QdSNm8XQqfKJ
End of You,Poppy,End of You,pop,0PsFsv5xUyX06ZhIEtFkeA,https://i.scdn.co/image/ab67616d0000b273460c53e36b10048efc49e76c,https://open.spotify.com/track/0PsFsv5xUyX06ZhIEtFkeA
Popper - Versión álbum,Crudo Means Raw,Esmeraldas,pop,4k1E0HyaoRrUCWWAZAEJhT,https://i.scdn.co/image/ab67616d0000b2738c2415badc4214418a1948ea,https://open.spotify.com/track/4k1E0HyaoRrUCWWAZAEJhT
La Foto De Los Dos,El Andariego,Se Acabo Este Amor,pop,25zV2pHMNLj0oOfQGolCfx,https://i.scdn.co/image/ab67616d0000b2735a5036bd7daf2409f534afdf,https://open.spotify.com/track/25zV2pHMNLj0oOfQGolCfx
Mr. Jones (feat. Anuel AA),Pop Smoke,Faith (Deluxe),pop,3QPZqYIzgEXbVouiHpu7wR,https://i.scdn.co/image/ab67616d0000b273c7d31eab93d5e6f7fd2a0a23,https://open.spotify.com/track/3QPZqYIzgEXbVouiHpu7wR
For The Night (feat. Lil Baby & DaBaby),Pop Smoke,Shoot For The Stars Aim For The Moon,pop,0PvFJmanyNQMseIFrU708S,https://i.scdn.co/image/ab67616d0000b27377ada0863603903f57b34369,https://open.spotify.com/track/0PvFJmanyNQMseIFrU708S
Usted No Me Olvida,Joaquin Guiller,Usted No Me Olvida,pop,3GUqkrdLefqJmxVvN5Vgpv,https://i.scdn.co/image/ab67616d0000b2731e71b1a0e9600c7f897dfc5d,https://open.spotify.com/track/3GUqkrdLefqJmxVvN5Vgpv
new way out,Poppy,Negative Spaces,pop,78GAQZUGa11v6f8ozhGqbM,https://i.scdn.co/image/ab67616d0000b273861d5b1470e2d95fe9aeba7c,https://open.spotify.com/track/78GAQZUGa11v6f8ozhGqbM
El Intenso,Jhonny Rivera,El Intenso,pop,65DUocb3eZpJHN5AsVgKmT,https://i.scdn.co/image/ab67616d0000b273b0eea39f3fac95f5f98e9e8e,https://open.spotify.com/track/65DUocb3eZpJHN5AsVgKmT
Ni Tengo Ni Necesito,Yeison Jimenez,Ni Tengo Ni Necesito,pop,2TV5peMu6MRFONxHHE9ZrV,https://i.scdn.co/image/ab67616d0000b273adf0854d99dd054be43107f2,https://open.spotify.com/track/2TV5peMu6MRFONxHHE9ZrV
Dios Me Dijo,Julian Daza,Dios Me Dijo,pop,3KPHqJ8HJlhpuI3tnBtxBz,https://i.scdn.co/image/ab67616d0000b273611699b7a2a0e39bd6e7e31c,https://open.spotify.com/track/3KPHqJ8HJlhpuI3tnBtxBz
What You Know Bout Love,Pop Smoke,Shoot For The Stars Aim For The Moon,pop,1tkg4EHVoqnhR6iFEXb60y,https://i.scdn.co/image/ab67616d0000b27377ada0863603903f57b34369,https://open.spotify.com/track/1tkg4EHVoqnhR6iFEXb60y
Everything Nice,Popcaan,Where We Come From,pop,5WseWfbKiXbAAwDDwxuSua,https://i.scdn.co/image/ab67616d0000b2731f3827ae627e831883bf0f7f,https://open.spotify.com/track/5WseWfbKiXbAAwDDwxuSua
Pero Te Vas a Arrepentir,El Charrito Negro,Para Siempre,pop,6h3DrtVrAprMh1PohYFqiK,https://i.scdn.co/image/ab67616d0000b2733878644fd26f8f2356f33216,https://open.spotify.com/track/6h3DrtVrAprMh1PohYFqiK
The Fate of Ophelia,Taylor Swift,The Life of a Showgirl,pop,53iuhJlwXhSER5J2IYYv1W,https://i.scdn.co/image/ab67616d0000b273d7812467811a7da6e6a44902,https://open.spotify.com/track/53iuhJlwXhSER5J2IYYv1W
Entre Comillas,Darío Gómez,El Rey del Despecho - Internacional,pop,3sqm2mAgDfQsILyQtLmbL6,https://i.scdn.co/image/ab67616d0000b273aa3edd1a8c671d599e2052bb,https://open.spotify.com/track/3sqm2mAgDfQsILyQtLmbL6
Vete,Yeison Jimenez,Vete,pop,6cZcn282SIMmuO8FHN8634,https://i.scdn.co/image/ab67616d0000b273496c8354b8ca1c69c5a0eafe,https://open.spotify.com/track/6cZcn282SIMmuO8FHN8634
Invincible,Pop Smoke,Meet The Woo 2,pop,792HwhrdO3ErRKL5yRe4Ge,https://i.scdn.co/image/ab67616d0000b27362a57823eced1cb4fd93b2c1,https://open.spotify.com/track/792HwhrdO3ErRKL5yRe4Ge
No Te Contaron Mal,Christian Nodal,Ahora,pop,7hbk4BaF66O09R1gq0bKwj,https://i.scdn.co/image/ab67616d0000b2736c1281eccac823bd368f8782,https://open.spotify.com/track/7hbk4BaF66O09R1gq0bKwj
Tiroteo - Remix,Marc Seguí,Tiroteo (Remix),pop,4OwhwvKESFtuu06dTgct7i,https://i.scdn.co/image/ab67616d0000b2735a048cbaa3385de9f723c699,https://open.spotify.com/track/4OwhwvKESFtuu06dTgct7i
TU SANCHO,Fuerza Regida,111XPANTIA,pop,6eLQXa6uk2EW8drsiKbABZ,https://i.scdn.co/image/ab67616d0000b273a2e90fbdec84b25e46573469,https://open.spotify.com/track/6eLQXa6uk2EW8drsiKbABZ
Marlboro Rojo,Fuerza Regida,111XPANTIA,pop,3hpm0fTeSqlhJbnqAgaLZs,https://i.scdn.co/image/ab67616d0000b273a2e90fbdec84b25e46573469,https://open.spotify.com/track/3hpm0fTeSqlhJbnqAgaLZs
Coleccionando Heridas,KAROL G,Tropicoqueta,pop,3ddJ8Vbc5tYPxq5zKRVke6,https://i.scdn.co/image/ab67616d0000b2734018a6ba07312ec74af169e6,https://open.spotify.com/track/3ddJ8Vbc5tYPxq5zKRVke6
Quiero +,Greeicy,Quiero +,pop,3qwEwtnOb6TyJkSGYEm02h,https://i.scdn.co/image/ab67616d0000b273341199497c8441294b8170c9,https://open.spotify.com/track/3qwEwtnOb6TyJkSGYEm02h
X TI,Kapo,POR SI ALGUIEN NOS ESCUCHA,pop,4TFjpINnVhINpTdrtNQIvx,https://i.scdn.co/image/ab67616d0000b273f035a24c639b80e86f86c31f,https://open.spotify.com/track/4TFjpINnVhINpTdrtNQIvx
Soda Pop,Saja Boys,KPop Demon Hunters (Soundtrack from the Netflix Film),pop,02sy7FAs8dkDNYsHp4Ul3f,https://i.scdn.co/image/ab67616d0000b2734dcb6c5df15cf74596ab25a4,https://open.spotify.com/track/02sy7FAs8dkDNYsHp4Ul3f
Volver,Piso 21,Volver,pop,61C7zXd4t2Zuhz6DRwgsLM,https://i.scdn.co/image/ab67616d0000b2731fa682aa0adaf3ec0a355670,https://open.spotify.com/track/61C7zXd4t2Zuhz6DRwgsLM
COQUETA,Fuerza Regida,MALA MÍA,pop,1PREzVLuDT6PSE9sej4wnV,https://i.scdn.co/image/ab67616d0000b27304874856f3c501181d060128,https://open.spotify.com/track/1PREzVLuDT6PSE9sej4wnV
Verano Rosa,KAROL G,Tropicoqueta,pop,0nafF9MxcXJBQWv3BTKtdF,https://i.scdn.co/image/ab67616d0000b2734018a6ba07312ec74af169e6,https://open.spotify.com/track/0nafF9MxcXJBQWv3BTKtdF
Milagros,KAROL G,Milagros,pop,1B1maIpcMpPDZ8GT0WHT0V,https://i.scdn.co/image/ab67616d0000b27358a5514e00fdaa0bf56bd848,https://open.spotify.com/track/1B1maIpcMpPDZ8GT0WHT0V
Claro De Luna,Ludwig van Beethoven,Los Éxitos De Richard Clayderman,clasica,4vbpZcq2I1Q52hkKQRMUwc,https://i.scdn.co/image/ab67616d0000b273db5e2e36292dc2433478bcd2,https://open.spotify.com/track/4vbpZcq2I1Q52hkKQRMUwc
Winter (L'Inverno) Op.8 No.4 F Minor: Allegro Non Molto,Baroque Festival Orchestra,Vivaldi - The Four Seasons,clasica,0USK9GYk8n1FQg5rUTWadD,https://i.scdn.co/image/ab67616d0000b273b9d4ed70ea90d00612a3f3a7,https://open.spotify.com/track/0USK9GYk8n1FQg5rUTWadD
Nocturne Op. 9 No. 2,Frédéric Chopin,JUST THE BEST MUSIC Vol. 2 Solo Piano Relax Playlist,clasica,61YM5SkqqeUjIBL7It56cs,https://i.scdn.co/image/ab67616d0000b273500c3804415f3911be8ec409,https://open.spotify.com/track/61YM5SkqqeUjIBL7It56cs
9th Simphony - 9 simphony-2st movement,Ludwig van Beethoven,L.V.Beethoven 9th Simphony,clasica,4k37UmF8STPT6Kp6psQD72,https://i.scdn.co/image/ab67616d0000b273bef2466cf543af9ba30fd422,https://open.spotify.com/track/4k37UmF8STPT6Kp6psQD72
Für Elise,Ludwig van Beethoven,Classical Best Of,clasica,1DfGPEHxTYeaJpiNA4xUb5,https://i.scdn.co/image/ab67616d0000b2738dd8211c6f6e49c9185e0c7d,https://open.spotify.com/track/1DfGPEHxTYeaJpiNA4xUb5
Moonlight Sonata 1st Movement,Ludwig van Beethoven,Beethoven's Best Piano Songs,clasica,3ilnnpmMMpp863r2X0EHQK,https://i.scdn.co/image/ab67616d0000b2735f74c5653dc98cfef62caed6,https://open.spotify.com/track/3ilnnpmMMpp863r2X0EHQK
Música Clásica Para Bebés,Estrellita Dónde Estás,Música Clásica Para Bebés,clasica,01tRsNTEg8Dg1V1FzGxJuI,https://i.scdn.co/image/ab67616d0000b273c892c89aed90c88a88c4c98f,https://open.spotify.com/track/01tRsNTEg8Dg1V1FzGxJuI
Beethoven Sinfonia No 5,Belize Ensemble,Beethoven Sinfonia No 5,clasica,1Byv8aKC6zLnKIVIwlIYCe,https://i.scdn.co/image/ab67616d0000b273b9053eb60c32df1f464c7acb,https://open.spotify.com/track/1Byv8aKC6zLnKIVIwlIYCe
Danubio Azul,Johann Strauss Orchestra,Valses de Viena,clasica,3d4TlV9YkNyH2CLWopxVrw,https://i.scdn.co/image/ab67616d0000b27321213f0fe00f01abe98a0489,https://open.spotify.com/track/3d4TlV9YkNyH2CLWopxVrw
Lacrimosa,Vienna Mozart Orchestra,Lacrimosa,clasica,59RZ5SRrzwUZm0b8QXQOI1,https://i.scdn.co/image/ab67616d0000b2731f05907e51e1531b2db53697,https://open.spotify.com/track/59RZ5SRrzwUZm0b8QXQOI1
Tatuaje en el Alma,Romualdo Brito,Clásicas del Vallenato (Vol. 1),clasica,4W2YkaR0N2a7yhR2SBlLnq,https://i.scdn.co/image/ab67616d0000b2735b5ffea05602056b7953beb3,https://open.spotify.com/track/4W2YkaR0N2a7yhR2SBlLnq
Como un Angel,Las Gaviotas,"Clasicas de la Cancion Popular, Vol. 2",clasica,5JTdWnMGsdnntkdRw4GPN6,https://i.scdn.co/image/ab67616d0000b273b8f858bb7f56711ca4f52c6e,https://open.spotify.com/track/5JTdWnMGsdnntkdRw4GPN6
Pájaro Campana,Alfredo Rolando Ortíz,Clásicas De La Canción Paraguaya,clasica,7f19Cg4Y5YLneHm4i5fQj0,https://i.scdn.co/image/ab67616d0000b273757135067b5239601982b5d7,https://open.spotify.com/track/7f19Cg4Y5YLneHm4i5fQj0
Veneno,Los Visconti,Clásicas de Tango (Vol. 1),clasica,2KVt2l55oCzZ5hgZCnncBR,https://i.scdn.co/image/ab67616d0000b273abdf0f7e864085749d0c9efe,https://open.spotify.com/track/2KVt2l55oCzZ5hgZCnncBR
Sueño De Amor,Franz Liszt,Los Éxitos De Richard Clayderman,clasica,6CsKnwlpLtTM7g4xtwvcqG,https://i.scdn.co/image/ab67616d0000b273db5e2e36292dc2433478bcd2,https://open.spotify.com/track/6CsKnwlpLtTM7g4xtwvcqG
Embrujo,Romualdo Brito,Clásicas del Vallenato (Vol. 1),clasica,4R73ZnG2XIiDLLlYKp5kd0,https://i.scdn.co/image/ab67616d0000b2735b5ffea05602056b7953beb3,https://open.spotify.com/track/4R73ZnG2XIiDLLlYKp5kd0
Triste canción,El Tri,Clasicas para Rockear,clasica,3nNv67yimyA65gV5EQQtAK,https://i.scdn.co/image/ab67616d0000b2734156b99b4dd39b86d1ba7d90,https://open.spotify.com/track/3nNv67yimyA65gV5EQQtAK
Todo Es Amor,Ibarra y Medina,"Clasicas de la Cancion Popular, Vol. 5",clasica,2c032My2b1gSCVUMSgkXjA,https://i.scdn.co/image/ab67616d0000b2734d9b5edc4ba7838c7517490b,https://open.spotify.com/track/2c032My2b1gSCVUMSgkXjA
Gaviota Traidora,Las Gaviotas,"Clasicas de la Cancion Popular, Vol. 5",clasica,2hbwTvaMkKxvo5sQb2aL7j,https://i.scdn.co/image/ab67616d0000b2734d9b5edc4ba7838c7517490b,https://open.spotify.com/track/2hbwTvaMkKxvo5sQb2aL7j
Pa' Todo el Año,José Alfredo Jimenez,Las 100 Clasicas Vol. 2,clasica,3O8QuZZrZF9aDYlmmClMO6,https://i.scdn.co/image/ab67616d0000b2735fa3c52f888e44a0910aba57,https://open.spotify.com/track/3O8QuZZrZF9aDYlmmClMO6
Muchacha Tipica,Joan Manuel Serrat,Mi Niñez,clasica,0YgvieKTmdJosH9GwWnfqd,https://i.scdn.co/image/ab67616d0000b273e2979e012d40de8a9541c7ec,https://open.spotify.com/track/0YgvieKTmdJosH9GwWnfqd
Clásico,Warrior Rapper School,teRAPias,clasica,1ruzV61aKwuUFazAlUbAHO,https://i.scdn.co/image/ab67616d0000b273cc40de0677e4af98ba2795f0,https://open.spotify.com/track/1ruzV61aKwuUFazAlUbAHO
Clasico,Flaco Flow,Clasico,clasica,25qTl9jXXZdeVr322HNUJH,https://i.scdn.co/image/ab67616d0000b27360d46360f3a9ffdd6c9b14ed,https://open.spotify.com/track/25qTl9jXXZdeVr322HNUJH
Rompio la Copa,Gabriel Raymond,"Clasicas de la Cancion Popular, Vol. 5",clasica,0pA08u8BHJErbDIroBRIRk,https://i.scdn.co/image/ab67616d0000b2734d9b5edc4ba7838c7517490b,https://open.spotify.com/track/0pA08u8BHJErbDIroBRIRk
Classico,La Etnnia,La Trinidad,clasica,6UKNXHZ69OjSLHpzr5Hgzd,https://i.scdn.co/image/ab67616d0000b2738438fa56e18bbc13eac64c4d,https://open.spotify.com/track/6UKNXHZ69OjSLHpzr5Hgzd
Clásico,Devia,El de la Nevera,clasica,03Q7C0fDOpQ7XRqHDgyKpu,https://i.scdn.co/image/ab67616d0000b273232df3760f7f9366614d5a8a,https://open.spotify.com/track/03Q7C0fDOpQ7XRqHDgyKpu
"Chala Head Chala (Opening ""D.B.Z."" Versión Clásica)",Ricardo Silva,Música de las Sagas de Dragón Ball,clasica,2m7KGTVbqqo2xo3AaaJO8s,https://i.scdn.co/image/ab67616d0000b27304f5aed42d5f865e87db2af5,https://open.spotify.com/track/2m7KGTVbqqo2xo3AaaJO8s
Lagrimas,Alfredo Sadel,"Clasicas de la Cancion Popular, Vol. 2",clasica,0jvSoWbKcWtgT61b7r6pWk,https://i.scdn.co/image/ab67616d0000b273b8f858bb7f56711ca4f52c6e,https://open.spotify.com/track/0jvSoWbKcWtgT61b7r6pWk
Classic,Solitario Soldado,Classic,clasica,55Z0n1qAXKWIPAbezCefzg,https://i.scdn.co/image/ab67616d0000b2735238ed8a5a26bddf9279b647,https://open.spotify.com/track/55Z0n1qAXKWIPAbezCefzg
Para Elisa,Ludwig van Beethoven,Los Éxitos De Richard Clayderman,clasica,6xZhmVEVHAHWCh745gu2xk,https://i.scdn.co/image/ab67616d0000b273db5e2e36292dc2433478bcd2,https://open.spotify.com/track/6xZhmVEVHAHWCh745gu2xk
Música de Piano Clásica,Estrellita Dónde Estás,Música Clásica Para Bebés,clasica,0JnAV3J3EK3dCLXfKbIfHo,https://i.scdn.co/image/ab67616d0000b273c892c89aed90c88a88c4c98f,https://open.spotify.com/track/0JnAV3J3EK3dCLXfKbIfHo
Bachata Clásica 2: Siéntate en Mi Mesa / Me Tienes Amarrado / Amor a Prisa,Lirow,Bachata Clásica 2: Siéntate en Mi Mesa / Me Tienes Amarrado / Amor a Prisa,clasica,0FbUBaWjTpDWz6s3GXjsOb,https://i.scdn.co/image/ab67616d0000b27322a11ff96eaf8be15a47f877,https://open.spotify.com/track/0FbUBaWjTpDWz6s3GXjsOb
Clásica,San Tien,SUBA Y BAJE LA MAREA,clasica,2xi0ZOFHkVY8i1BDR5Ba3y,https://i.scdn.co/image/ab67616d0000b2737df232d42b74e62cba9ee964,https://open.spotify.com/track/2xi0ZOFHkVY8i1BDR5Ba3y
Música Clásica,Estrellita Dónde Estás,Música Clásica,clasica,5iwPIZSo5lbLiOx02Mimri,https://i.scdn.co/image/ab67616d0000b273e6de8f4c19b8c8eddc27d8d5,https://open.spotify.com/track/5iwPIZSo5lbLiOx02Mimri
CLASSIC NIGHT,DJ Dever,CLASSIC NIGHT,clasica,6WJMk6PkMQVRPqP7pT44nX,https://i.scdn.co/image/ab67616d0000b27301d5fa2960c826a302b8c01e,https://open.spotify.com/track/6WJMk6PkMQVRPqP7pT44nX
Classic Piano,Martinillo,Música Clásica Para Niños y Bebés,clasica,6GPx9uWEN8F8Xo5NgRyaAJ,https://i.scdn.co/image/ab67616d0000b273f60669e2b37b0e508bb9b41f,https://open.spotify.com/track/6GPx9uWEN8F8Xo5NgRyaAJ
Clasica,J Noa,Los 5Golpe,clasica,4j9a79hT0hryYLBj4ZgsDH,https://i.scdn.co/image/ab67616d0000b273603675289960785c96b52b9e,https://open.spotify.com/track/4j9a79hT0hryYLBj4ZgsDH
Clasica,Nigg Brand,Clasica,clasica,1iwKiBPhu4bTragScZW5iQ,https://i.scdn.co/image/ab67616d0000b273a6295c127408fd430f297565,https://open.spotify.com/track/1iwKiBPhu4bTragScZW5iQ
Clásica,2 Pianos,"Acostarse Mozart: Canciones del Sueño del Bebé para el Poder del Cerebro, la Mejor Música Clásica para el Desarollo Cerebral de los Niños",clasica,3uoeEm2dmjyFq2U1A0HEwq,https://i.scdn.co/image/ab67616d0000b273fc23fefd0f6e607fded70c60,https://open.spotify.com/track/3uoeEm2dmjyFq2U1A0HEwq
CLÁSICA,Gharama,CLÁSICA,clasica,5p5BRxoVh6gq5GM2AHMDSO,https://i.scdn.co/image/ab67616d0000b27319459d5aa464dfb5beeed76b,https://open.spotify.com/track/5p5BRxoVh6gq5GM2AHMDSO
Reggaetón Lento (Bailemos),CNCO,Primera Cita,reggae,3AEZUABDXNtecAOSC1qTfo,https://i.scdn.co/image/ab67616d0000b2737db0f7ac4c612cce26ccacf9,https://open.spotify.com/track/3AEZUABDXNtecAOSC1qTfo
Reggaeton Champagne,Bellakath,Kittyponeo,reggae,7yIIeKUxTpn36X6CFJhgEi,https://i.scdn.co/image/ab67616d0000b273e64effcdb09fe7f6cca3064e,https://open.spotify.com/track/7yIIeKUxTpn36X6CFJhgEi
Reggaeton,J Balvin,Reggaeton,reggae,2D3z17LBMJ2HEHeBFFjTLi,https://i.scdn.co/image/ab67616d0000b27304d849b0b580859bdb70e644,https://open.spotify.com/track/2D3z17LBMJ2HEHeBFFjTLi
Ragga Tonseh,Navigator,Ragga Tonseh,reggae,2Nv1icRBkBH8T4s66McgSs,https://i.scdn.co/image/ab67616d0000b273abf5a376b03c0801caa070e8,https://open.spotify.com/track/2Nv1icRBkBH8T4s66McgSs
Vibra positiva,Zona Ganjah,Con Rastafari todo concuerda,reggae,1YibQYc4BuTR5vb6Mo8d1F,https://i.scdn.co/image/ab67616d0000b273561752dc9774e723b2a1cac2,https://open.spotify.com/track/1YibQYc4BuTR5vb6Mo8d1F
Reggaeton Latino,Don Omar,Reggaeton Latino,reggae,6Az6MyKCcshznWLxcREINf,https://i.scdn.co/image/ab67616d0000b27353f31f1c3f20602f5b386940,https://open.spotify.com/track/6Az6MyKCcshznWLxcREINf
Repent,Shaggy,Clothes Drop,reggae,6Yxwkhk5LW0uiurTMT7jLL,https://i.scdn.co/image/ab67616d0000b27352fdbfbca0293c7b8bcd10d9,https://open.spotify.com/track/6Yxwkhk5LW0uiurTMT7jLL
Sentimiento Original,Gondwana,Gondwana,reggae,2dz5G8cubIlwFN6SJtj0rg,https://i.scdn.co/image/ab67616d0000b273ff29bfc1e31c8fb33e816fb7,https://open.spotify.com/track/2dz5G8cubIlwFN6SJtj0rg
Reggaetonera,Anuel AA,Emmanuel,reggae,6yVkakCN460KOVol9ZazjH,https://i.scdn.co/image/ab67616d0000b2733cb695bfc1246bdf66161fce,https://open.spotify.com/track/6yVkakCN460KOVol9ZazjH
Ba Ba Bad Remix,Kybba,Ba Ba Bad Remix,reggae,2RnCVOUcOaPeTlFRW3NHQJ,https://i.scdn.co/image/ab67616d0000b2739f3b09adf21717875d73c18e,https://open.spotify.com/track/2RnCVOUcOaPeTlFRW3NHQJ
Reggae Is Coming,Gondwana,Gondwana,reggae,1yYq0GX9AKLb6yiN5pmyEw,https://i.scdn.co/image/ab67616d0000b273ff29bfc1e31c8fb33e816fb7,https://open.spotify.com/track/1yYq0GX9AKLb6yiN5pmyEw
VITAMINA,Jombriel,VITAMINA,reggae,0DMJz677XfXiiruhIELu2e,https://i.scdn.co/image/ab67616d0000b2737d7681c888513711781a6406,https://open.spotify.com/track/0DMJz677XfXiiruhIELu2e
Ilegal,Cultura Profética,La Dulzura,reggae,4G957N5nUzj1RBIvbWxbyy,https://i.scdn.co/image/ab67616d0000b27312949b562c12525ee54581d9,https://open.spotify.com/track/4G957N5nUzj1RBIvbWxbyy
De la tierra crece,Zona Ganjah,Sanazion,reggae,22DFli4cbSsY1UkTLymWkK,https://i.scdn.co/image/ab67616d0000b273112483228058c59a5dffe6ea,https://open.spotify.com/track/22DFli4cbSsY1UkTLymWkK
Go Pato,Pato Banton,The Best Of Pato Banton,reggae,4f1EdNgsnvVz6K5Qbu5JS0,https://i.scdn.co/image/ab67616d0000b2734f2df4b19cb47d489cf15034,https://open.spotify.com/track/4f1EdNgsnvVz6K5Qbu5JS0
REGGAEGUAIRA,Farruko,REGGAEGUAIRA,reggae,5qvZTHhoYJMNTGzQz4YNbL,https://i.scdn.co/image/ab67616d0000b27339045ea85c09ccb1a767ec84,https://open.spotify.com/track/5qvZTHhoYJMNTGzQz4YNbL
Chica 10,Fusion Perreo,Chica 10,reggae,0UJapEivI95Bl2CU8OYKNh,https://i.scdn.co/image/ab67616d0000b273bb999c3ad1d2646bfc335b59,https://open.spotify.com/track/0UJapEivI95Bl2CU8OYKNh
"Saca, Prende Y Sorprende",Cultura Profética,"Saca, Prende Y Sorprende",reggae,2VrXIFhpTneKQdwJh8indx,https://i.scdn.co/image/ab67616d0000b2737e8b49b03aabca8c13c10c68,https://open.spotify.com/track/2VrXIFhpTneKQdwJh8indx
SANKA,Ryan Castro,SENDÉ,reggae,46ufabZP6oK3ixmN6Gd753,https://i.scdn.co/image/ab67616d0000b27333dba85c0860b77b79b9b12a,https://open.spotify.com/track/46ufabZP6oK3ixmN6Gd753
"YOGURCITO REMIX (feat. Kris R., ROA)",Blessd,"YOGURCITO REMIX (feat. Kris R., ROA)",reggae,7nrd0eIftH3NQLfgk20Qp9,https://i.scdn.co/image/ab67616d0000b273a12acd5e9f8c12c2fc6a1e44,https://open.spotify.com/track/7nrd0eIftH3NQLfgk20Qp9
Pa' Que Retozen,Tego Calderón,El Abayarde,reggae,5YJ4BVvTFmVCxUyhKejHfR,https://i.scdn.co/image/ab67616d0000b27372b621a4c23f797307d35f11,https://open.spotify.com/track/5YJ4BVvTFmVCxUyhKejHfR
"Sexo, Sudor y Calor",J Alvarez,Otro Nivel de Música,reggae,06CyfuBxMGOX495rzZR7Im,https://i.scdn.co/image/ab67616d0000b273b97af8be24d2550b0ed80316,https://open.spotify.com/track/06CyfuBxMGOX495rzZR7Im
Is This Love,Bob Marley & The Wailers,Kaya,reggae,6JRLFiX9NJSoRRKxowlBYr,https://i.scdn.co/image/ab67616d0000b273387799441ba867649dfbb702,https://open.spotify.com/track/6JRLFiX9NJSoRRKxowlBYr
RX,Don Omar,Meet The Orphans,reggae,3NgDulHteTVdF026IxY5bW,https://i.scdn.co/image/ab67616d0000b273d4c273fe23a0950d7ac9fce2,https://open.spotify.com/track/3NgDulHteTVdF026IxY5bW
Candy,Plan B,Candy,reggae,2YAQa5dl4GWo0GuVliWvdR,https://i.scdn.co/image/ab67616d0000b273db6309fcd157dcd133b0e620,https://open.spotify.com/track/2YAQa5dl4GWo0GuVliWvdR
Tus Ojos,Los Cafres,Suena la Alarma,reggae,6yyrsrci6u2nreFlhXSy3J,https://i.scdn.co/image/ab67616d0000b27346a888765544d2f977c5dc21,https://open.spotify.com/track/6yyrsrci6u2nreFlhXSy3J
Princesa,Alerta Kamarada,Somos Uno,reggae,4IufOjJjflg9mZ4MiDpDyW,https://i.scdn.co/image/ab67616d0000b273bb2b089b291e850efedf5b7b,https://open.spotify.com/track/4IufOjJjflg9mZ4MiDpDyW
YOGURCITO,Blessd,BlessDeluxury,reggae,6rZno3nqeT7hv2PnSWRuYS,https://i.scdn.co/image/ab67616d0000b27362e8bda11a176f647c668200,https://open.spotify.com/track/6rZno3nqeT7hv2PnSWRuYS
Un Deseo,Cultura Profética,M. O. T. A.,reggae,0d70EuIo3ziqTj5LvMYZCl,https://i.scdn.co/image/ab67616d0000b2732dd1aabc46fe8b3afc1bb903,https://open.spotify.com/track/0d70EuIo3ziqTj5LvMYZCl
Dime,Gondwana,Made In Jamaica,reggae,6YjkpZPWoDnY2Xbvf9lSWn,https://i.scdn.co/image/ab67616d0000b273b6525af73565b95f70533de1,https://open.spotify.com/track/6YjkpZPWoDnY2Xbvf9lSWn
Me Faltabas Tú,Cultura Profética,La Dulzura,reggae,7kuICQNYqWwhN9elL39HVu,https://i.scdn.co/image/ab67616d0000b27312949b562c12525ee54581d9,https://open.spotify.com/track/7kuICQNYqWwhN9elL39HVu
Toa,Lion Fiah,Toa,reggae,4amyY6CdLV0rk6lwkUtjZ5,https://i.scdn.co/image/ab67616d0000b27386e7b60c36252cb31fd39817,https://open.spotify.com/track/4amyY6CdLV0rk6lwkUtjZ5
Love & Reggae - Dread Mar I Remix,Collie Buddz,Love & Reggae - Dread Mar I Remix,reggae,5HMDBeEXwbAzMP9ltnG8gN,https://i.scdn.co/image/ab67616d0000b2733d0e9f23d324eeec028c4c82,https://open.spotify.com/track/5HMDBeEXwbAzMP9ltnG8gN
Desde Que Te Ví,Big Stan,El Silencio de los Sueños,reggae,033QmKTUr1YqOZlTBaYIiD,https://i.scdn.co/image/ab67616d0000b2735fcac90171bd2663504b0df2,https://open.spotify.com/track/033QmKTUr1YqOZlTBaYIiD
Ritmo Que Pesa,Cultura Profética,M. O. T. A.,reggae,2FSpiaFpqmCNnC7IPr1TAy,https://i.scdn.co/image/ab67616d0000b2732dd1aabc46fe8b3afc1bb903,https://open.spotify.com/track/2FSpiaFpqmCNnC7IPr1TAy
Ragga Tonseh,Samir Guerrero,Ragga Tonseh (Remix),reggae,6Dem1HaPK1uV8USN84yVss,https://i.scdn.co/image/ab67616d0000b273af320253d8af8e1735621f50,https://open.spotify.com/track/6Dem1HaPK1uV8USN84yVss
Soltera - W Sound 01,W Sound,Soltera (W Sound 01),reggae,13BDiikG6y5o5cQTK0HpW6,https://i.scdn.co/image/ab67616d0000b273fcb728019668a4ed423a9d15,https://open.spotify.com/track/13BDiikG6y5o5cQTK0HpW6
La Plena - W Sound 05,W Sound,La Plena (W Sound 05),reggae,6iOndD4OFo7GkaDypWQIou,https://i.scdn.co/image/ab67616d0000b2734740100d84f3667f1eae6870,https://open.spotify.com/track/6iOndD4OFo7GkaDypWQIou
mi refe,Beéle,BORONDO,reggae,4zhk2RS2EZODmBW6il55Qj,https://i.scdn.co/image/ab67616d0000b2732feb67a486bcf117e7fb15b0,https://open.spotify.com/track/4zhk2RS2EZODmBW6il55Qj
no tiene sentido,Beéle,BORONDO,reggae,1HEwEN64NjgTaHmo7LfkX8,https://i.scdn.co/image/ab67616d0000b2732feb67a486bcf117e7fb15b0,https://open.spotify.com/track/1HEwEN64NjgTaHmo7LfkX8
Salsa Y Control,Lebrón Brothers,Salsa Y Control,salsa,4y6QWwI8lqYYemjYK1PCPc,https://i.scdn.co/image/ab67616d0000b2735b8eabd24f1759ca72eb52f8,https://open.spotify.com/track/4y6QWwI8lqYYemjYK1PCPc
Siempre Sere,Tito Rojas,Sensual,salsa,4ZGk5h0sIfeunWEKzXEoHr,https://i.scdn.co/image/ab67616d0000b2733440731e00045fa21cd5ee8d,https://open.spotify.com/track/4ZGk5h0sIfeunWEKzXEoHr
Manos de Tijera,Yiyo Sarante,Manos de Tijera,salsa,5ds1Hh3lo4JUF2vflqyayK,https://i.scdn.co/image/ab67616d0000b273d7bd75064c93aade3d100093,https://open.spotify.com/track/5ds1Hh3lo4JUF2vflqyayK
Swagga,Cali Flow Latino,Full HD,salsa,6xIivNQAp0kv41t74WjDRL,https://i.scdn.co/image/ab67616d0000b273f772f5b905c1a53ac64fd4de,https://open.spotify.com/track/6xIivNQAp0kv41t74WjDRL
Tú Con Él,Frankie Ruiz,El Papá De La Salsa,salsa,4SQQXTfDQQzqMYt9Ems7A1,https://i.scdn.co/image/ab67616d0000b273680b3e53091edfb7aa56e52b,https://open.spotify.com/track/4SQQXTfDQQzqMYt9Ems7A1
Fabricando Fantasías,Tito Nieves,"Noches Latinas 3 (Salsa, Merengue, Bachata)",salsa,5Y947i9DlZu1ylLZRhdjoH,https://i.scdn.co/image/ab67616d0000b273fa7f578efe8ed3a99704dfa3,https://open.spotify.com/track/5Y947i9DlZu1ylLZRhdjoH
Amor y Control,Rubén Blades,Amor Y Control,salsa,303cDwi274kSEH0NSR73AX,https://i.scdn.co/image/ab67616d0000b273d44fa35079474d2d07e240a0,https://open.spotify.com/track/303cDwi274kSEH0NSR73AX
Amiga Mía,Michel el Buenón,Arriba Siempre - De Pura Sangre,salsa,2SgFUZqcAnEZXxhgPiORha,https://i.scdn.co/image/ab67616d0000b27341a013c396f7907ea4918699,https://open.spotify.com/track/2SgFUZqcAnEZXxhgPiORha
La Noche Mas Linda,Adalberto Santiago,Sex Symbol,salsa,3scW7pt0vlhkCCgCNv5YR9,https://i.scdn.co/image/ab67616d0000b273e4be1c14ef7b4fe0e8511ba5,https://open.spotify.com/track/3scW7pt0vlhkCCgCNv5YR9
Oh Qué Será?,Willie Colón,Greatest Hits,salsa,2n1MTLCis6qPSDKdr5XSDI,https://i.scdn.co/image/ab67616d0000b273f37950978573d045e79d886b,https://open.spotify.com/track/2n1MTLCis6qPSDKdr5XSDI
Tu Eres Ajena,Eddy Herrera,Atrevido,salsa,1jD48pmiHMSVHHPzKLi4P3,https://i.scdn.co/image/ab67616d0000b27301f87b543398568f978c7ea5,https://open.spotify.com/track/1jD48pmiHMSVHHPzKLi4P3
Uno Se Cura,Raulin Rosendo,El Sonero Quel El Pueblo Prefiere,salsa,2jIeTDKCMcpyEzR3KCnIfW,https://i.scdn.co/image/ab67616d0000b273ce7f59a1fdae4c90f95d560e,https://open.spotify.com/track/2jIeTDKCMcpyEzR3KCnIfW
Me Hace Daño Verte,Fresto Music,Trovando El Son,salsa,4dyzxv5SsdBtunuU3qj7Ti,https://i.scdn.co/image/ab67616d0000b273e231b8f2ae34fa26aee32b42,https://open.spotify.com/track/4dyzxv5SsdBtunuU3qj7Ti
Caretas,Ismael Miranda,Por el Buen Camino,salsa,6CJAk19Xw9rXoUy1Egshpe,https://i.scdn.co/image/ab67616d0000b27366c4b0fc9d88c18f3a2d2bfa,https://open.spotify.com/track/6CJAk19Xw9rXoUy1Egshpe
Paguan Paguan (La Patineta),Cali Flow Latino,Paguan Paguan (La Patineta),salsa,2NgG31ywSVaIl32NGBl6PU,https://i.scdn.co/image/ab67616d0000b273af2dfe169ca6bff160357bac,https://open.spotify.com/track/2NgG31ywSVaIl32NGBl6PU
Como Te Hago Entender,Roberto Roena Y Su Apollo Sound,Los Rostros de la Salsa,salsa,3uzIBpBL6f6hvaTi3X0E7P,https://i.scdn.co/image/ab67616d0000b2731fb53568a123e65173b0705b,https://open.spotify.com/track/3uzIBpBL6f6hvaTi3X0E7P
Lloraras,La Dimensión Latina,Traicionera (Baile Total),salsa,6QJ1F9DrlsRSmKDcdVS0Oy,https://i.scdn.co/image/ab67616d0000b2738e674cd720ca829ed385d76c,https://open.spotify.com/track/6QJ1F9DrlsRSmKDcdVS0Oy
La Cita,Galy Galiano,Solo Salsa,salsa,0XQzw53uo8V4GErre45Az1,https://i.scdn.co/image/ab67616d0000b27316e5246b005aaeae2a3b4f70,https://open.spotify.com/track/0XQzw53uo8V4GErre45Az1
Amame,El Gran Combo De Puerto Rico,¡Amame!,salsa,6QmoaIj5foG6h4cej26sl0,https://i.scdn.co/image/ab67616d0000b27389f8ecfee9b45ec613e123cd,https://open.spotify.com/track/6QmoaIj5foG6h4cej26sl0
"Oiga, Mire, Vea",Guayacán Orquesta,Sentimental de Punta a Punta,salsa,1rOQocblOsHSzOCZHbNVrQ,https://i.scdn.co/image/ab67616d0000b273ecc219a3762f2aa8a3b8b323,https://open.spotify.com/track/1rOQocblOsHSzOCZHbNVrQ
Ras Tas Tas Full Hd,Cali Flow Latino,Full HD,salsa,1hS2YZVC9mptyXp7pbO13Z,https://i.scdn.co/image/ab67616d0000b273f772f5b905c1a53ac64fd4de,https://open.spotify.com/track/1hS2YZVC9mptyXp7pbO13Z
Algo Que Se Quede,Grupo Niche,Algo Que Se Quede,salsa,1bf8DZwTlShb76hrSGVTGh,https://i.scdn.co/image/ab67616d0000b273478392865f9ff86d04647b4a,https://open.spotify.com/track/1bf8DZwTlShb76hrSGVTGh
Idilio,Willie Colón,Mis Favoritas,salsa,6VQ2fI8goSX8mpSvytXkXR,https://i.scdn.co/image/ab67616d0000b2739b9eb783c20af41d7011f9c2,https://open.spotify.com/track/6VQ2fI8goSX8mpSvytXkXR
Con la Punta del Pie,La Gloria Matancera,Pare Cochero,salsa,4rt2zpNhFBayp948Pi6liZ,https://i.scdn.co/image/ab67616d0000b27381a325969c3d12042cff5da3,https://open.spotify.com/track/4rt2zpNhFBayp948Pi6liZ
Amores Como el Nuestro,Jerry Rivera,Cuenta Conmigo,salsa,3dUOVExxPh0nmE6DtYVWIE,https://i.scdn.co/image/ab67616d0000b27310a9f305f4826ba8ce8bfaa0,https://open.spotify.com/track/3dUOVExxPh0nmE6DtYVWIE
Me Tengo Que Ir,Orquesta los Adolecente,"Salsa Dura, Vol. 5",salsa,5ac2pGWaq2CDZ8g5a4G53O,https://i.scdn.co/image/ab67616d0000b273ff2af592feefb5483b783344,https://open.spotify.com/track/5ac2pGWaq2CDZ8g5a4G53O
Desnúdate Mujer,Frankie Ruiz,El Papá De La Salsa,salsa,7hnDHjpiYr1z5TTQit4Dir,https://i.scdn.co/image/ab67616d0000b273680b3e53091edfb7aa56e52b,https://open.spotify.com/track/7hnDHjpiYr1z5TTQit4Dir
VITAMINA,Jombriel,VITAMINA,salsa,0DMJz677XfXiiruhIELu2e,https://i.scdn.co/image/ab67616d0000b2737d7681c888513711781a6406,https://open.spotify.com/track/0DMJz677XfXiiruhIELu2e
Corazon de Acero,Yiyo Sarante,Corazon de Acero,salsa,21nc3O8OncUv1jjSrC1ML2,https://i.scdn.co/image/ab67616d0000b2738b7cdb50036e6e05c7bdd0f9,https://open.spotify.com/track/21nc3O8OncUv1jjSrC1ML2
Pequeñas Cosas,Willie Gonzalez,Justo A Tiempo,salsa,2YtWJzOcIHGC7uNbANUtPE,https://i.scdn.co/image/ab67616d0000b27377dfdf4c5464b9e117975a39,https://open.spotify.com/track/2YtWJzOcIHGC7uNbANUtPE
Ahora Quien - Salsa Version,Marc Anthony,Valio La Pena,salsa,5A32KQZznC2HSqr9qzTl2N,https://i.scdn.co/image/ab67616d0000b273ac1b009b3ad89a504b927acf,https://open.spotify.com/track/5A32KQZznC2HSqr9qzTl2N
Que Locura Enamorarme De Ti,Eddie Santiago,De Verdad (15 Super Exitos),salsa,6gp2bYLAhqiLxO54Wmt195,https://i.scdn.co/image/ab67616d0000b2733ad9809bff8e14c37957a6a6,https://open.spotify.com/track/6gp2bYLAhqiLxO54Wmt195
Escombros,La Suprema Corte,Escombros,salsa,1VqkWZoqbVippDvGeDqG5j,https://i.scdn.co/image/ab67616d0000b273a2e621bc5a1884c3d045b793,https://open.spotify.com/track/1VqkWZoqbVippDvGeDqG5j
Te Va A Doler,Maelo Ruiz,En Tiempo De Amor,salsa,2ozSogNm6z9G2Uv6a9iji4,https://i.scdn.co/image/ab67616d0000b2736bccd61ccb76645a10625854,https://open.spotify.com/track/2ozSogNm6z9G2Uv6a9iji4
Fabricando Fantasías - Salsa Version,Tito Nieves,Salsa Romántica vol. 1,salsa,7FFpMDMnSn16Lch8Ru2KVw,https://i.scdn.co/image/ab67616d0000b27347d35169117d866a0e8a58ff,https://open.spotify.com/track/7FFpMDMnSn16Lch8Ru2KVw
Deseándote,Frankie Ruiz,The Greatest Salsa Ever,salsa,3sdSI4rCKDSCCHcxT5DXn5,https://i.scdn.co/image/ab67616d0000b2739c8228f30103cd152fdfdc25,https://open.spotify.com/track/3sdSI4rCKDSCCHcxT5DXn5
Algo Que Se Quede,Grupo Niche,40,salsa,1JXcB149QtbcIpDUA6YZOB,https://i.scdn.co/image/ab67616d0000b27390112489d9cfbd1343a1cff7,https://open.spotify.com/track/1JXcB149QtbcIpDUA6YZOB
Deseándote,Frankie Ruiz,Feliz Navidad Con Salsa,salsa,5hiHDuJOcBmB8wguFDPFjD,https://i.scdn.co/image/ab67616d0000b2731090772b21a561bfa6d71f86,https://open.spotify.com/track/5hiHDuJOcBmB8wguFDPFjD
Desnúdate Mujer,Frankie Ruiz,Feliz Navidad Con Salsa,salsa,7fuKGQRFnSZu4k1LSJnuex,https://i.scdn.co/image/ab67616d0000b2731090772b21a561bfa6d71f86,https://open.spotify.com/track/7fuKGQRFnSZu4k1LSJnuex
Conteo Regresivo - Salsa Version,Gilberto Santa Rosa,Contraste,salsa,37nXsqE1XW0cxOQvIMsmFc,https://i.scdn.co/image/ab67616d0000b27307031a0d94b5340aeb77e824,https://open.spotify.com/track/37nXsqE1XW0cxOQvIMsmFc
Vallenato Parrandero,Daniel Parranda,Vallenato Parrandero,vallenato,2jUWqVilVoeXwK02i0rh7q,https://i.scdn.co/image/ab67616d0000b27389d137682732091b569ac13a,https://open.spotify.com/track/2jUWqVilVoeXwK02i0rh7q
Hoy Me Di Cuenta,Binomio de Oro de América,Seguimos Por Lo Alto,vallenato,3jz0yIwy75UoCgyNMwlVT9,https://i.scdn.co/image/ab67616d0000b2733694bc489309c46aaeb9210c,https://open.spotify.com/track/3jz0yIwy75UoCgyNMwlVT9
Si No Me Falla el Corazón,Rafa Perez,"Canta Vallenato Homenaje a los Compositores, Vol. 3",vallenato,5zjW146BLKHSo1O2wCYyd6,https://i.scdn.co/image/ab67616d0000b27369abf362aadef9396defeed1,https://open.spotify.com/track/5zjW146BLKHSo1O2wCYyd6
Ayer Y Hoy,La Combinación Vallenata,La Combinación Vallenata Vol.7,vallenato,5HCk7iruzhQ1FbxyS3igmM,https://i.scdn.co/image/ab67616d0000b2738a0bf1086613bb382df5a212,https://open.spotify.com/track/5HCk7iruzhQ1FbxyS3igmM
Te Empeliculaste,Peter Manjarrés,Mundial,vallenato,2zLWJ7sdULqX5rgYoNliA7,https://i.scdn.co/image/ab67616d0000b273869fd7af26866d43dd123e2e,https://open.spotify.com/track/2zLWJ7sdULqX5rgYoNliA7
Mi Segunda Vida,Binomio de Oro de América,Haciendo Historia,vallenato,2aRFBt9T9HrNAjP5pwl8wd,https://i.scdn.co/image/ab67616d0000b2736cf73ff4fe4598f84cd4847a,https://open.spotify.com/track/2aRFBt9T9HrNAjP5pwl8wd
Si No Me Falla El Corazon,Los Diablitos,Lenguaje Universal,vallenato,1vidH1SXCFtTadr5nXncip,https://i.scdn.co/image/ab67616d0000b2731b0d9e321e064ef34b722c6c,https://open.spotify.com/track/1vidH1SXCFtTadr5nXncip
Vovió el Dolor,Binomio de Oro de América,A Su Gusto,vallenato,2SV9OTkT0LZGCrGFY7cr1f,https://i.scdn.co/image/ab67616d0000b2730d2ffab72e83a016bbed4090,https://open.spotify.com/track/2SV9OTkT0LZGCrGFY7cr1f
Olvídala,Binomio de Oro de América,2.000,vallenato,3QorC3YeHA1zuGHwGCmBja,https://i.scdn.co/image/ab67616d0000b273d0b8c555dc3c3fe62f8828da,https://open.spotify.com/track/3QorC3YeHA1zuGHwGCmBja
Niégame Tres Veces,Silvestre Dangond,Sigo Invicto,vallenato,4mGRIaDuszXYCTGZfLjjpA,https://i.scdn.co/image/ab67616d0000b273be679d313ca446b93256e70e,https://open.spotify.com/track/4mGRIaDuszXYCTGZfLjjpA
Una Hoja en Blanco,Omar Geles,Nace Del Alma,vallenato,3G5OfJVzos5wI0L09oyTOW,https://i.scdn.co/image/ab67616d0000b273c0ab80503c1d3ba75d228c93,https://open.spotify.com/track/3G5OfJVzos5wI0L09oyTOW
Novios Cruzados,Los Diablitos,Uniendo Corazones,vallenato,5gMuYDIjn35obzxZI0l8X0,https://i.scdn.co/image/ab67616d0000b27334efa99ad27723e767ede784,https://open.spotify.com/track/5gMuYDIjn35obzxZI0l8X0
Ella Es Mi Todo,Kaleth Morales,Unico,vallenato,7ynTwByYTgs1UsWoQvWdvI,https://i.scdn.co/image/ab67616d0000b273dda96e138954e135de348d9b,https://open.spotify.com/track/7ynTwByYTgs1UsWoQvWdvI
Vallenato Reggae,Luifer Cuello,La Nueva Ola Con Más Fuerza,vallenato,15KSRkcOUsEqh0tTyKZ3xq,https://i.scdn.co/image/ab67616d0000b273d3b4f7b11898cd1524ce1788,https://open.spotify.com/track/15KSRkcOUsEqh0tTyKZ3xq
Si No Regresas,Binomio de Oro de América,2.000,vallenato,57GGPAQbF9q2byE6GEbHds,https://i.scdn.co/image/ab67616d0000b273d0b8c555dc3c3fe62f8828da,https://open.spotify.com/track/57GGPAQbF9q2byE6GEbHds
Vallenato Apretao,Silvestre Dangond,Vallenato Apretao,vallenato,35iMl0FlgdxgOycezlyrPz,https://i.scdn.co/image/ab67616d0000b2735f7920600b0631b618c07e44,https://open.spotify.com/track/35iMl0FlgdxgOycezlyrPz
Si Tu Amor No Vuelve,Binomio de Oro de América,30 Mejores: Binomio de Oro de América,vallenato,6ZjKzWMN6QXRivU4X2dEwn,https://i.scdn.co/image/ab67616d0000b273c0ecf408afc883c4a26c46a2,https://open.spotify.com/track/6ZjKzWMN6QXRivU4X2dEwn
Niña Bonita,Binomio de Oro de América,30 Mejores: Binomio de Oro de América,vallenato,7LSdAF6AUKmcsUTy3747rh,https://i.scdn.co/image/ab67616d0000b273c0ecf408afc883c4a26c46a2,https://open.spotify.com/track/7LSdAF6AUKmcsUTy3747rh
Busca Un Confidente,Los Diablitos,Lenguaje Universal,vallenato,5P9Rhc64ZcSGSlBDXEVGOw,https://i.scdn.co/image/ab67616d0000b2731b0d9e321e064ef34b722c6c,https://open.spotify.com/track/5P9Rhc64ZcSGSlBDXEVGOw
Obsesión,Peter Manjarrés,Sólo Clásicos,vallenato,4OhFOoVfaqw3Xuz2vjceDq,https://i.scdn.co/image/ab67616d0000b2735ca324c873c6bbb6e9efd7ae,https://open.spotify.com/track/4OhFOoVfaqw3Xuz2vjceDq
Un Osito Dormilón,Binomio de Oro de América,2.000,vallenato,2kfy5uzINhvThNfTqgXNPt,https://i.scdn.co/image/ab67616d0000b273d0b8c555dc3c3fe62f8828da,https://open.spotify.com/track/2kfy5uzINhvThNfTqgXNPt
Tres Noches,Jesús Manuel,Fantastico,vallenato,3zbrd7Tx6O1Q56rXtMAmqp,https://i.scdn.co/image/ab67616d0000b273a05fe89fedc307af8b57195a,https://open.spotify.com/track/3zbrd7Tx6O1Q56rXtMAmqp
Muere una Flor,Binomio de Oro,De Caché,vallenato,0jnKOvTW1XTC6Na2VPJyXL,https://i.scdn.co/image/ab67616d0000b2731a98c7dbb751d7c4aadf737c,https://open.spotify.com/track/0jnKOvTW1XTC6Na2VPJyXL
Realízame mis sueños,Binomio de Oro de América,Más Cerca De Ti,vallenato,5uFmiw2BfcTPmjXyLzkmRk,https://i.scdn.co/image/ab67616d0000b273aedb7ff7a166f601d9c59ea9,https://open.spotify.com/track/5uFmiw2BfcTPmjXyLzkmRk
Como Expresar Lo Que Siento,Binomio de Oro de América,…Que viva el vallenato!,vallenato,0okBbOBN9ofokXlK7uQBZu,https://i.scdn.co/image/ab67616d0000b27345c6b34a8d705d2e931b070d,https://open.spotify.com/track/0okBbOBN9ofokXlK7uQBZu
Si Tu Amor No Vuelve,Binomio de Oro de América,…Que viva el vallenato!,vallenato,6f9wNWLVMRX9QbsStbaI4Q,https://i.scdn.co/image/ab67616d0000b27345c6b34a8d705d2e931b070d,https://open.spotify.com/track/6f9wNWLVMRX9QbsStbaI4Q
Buscare Otro Amor,Los inquietos del vallenato,Por Siempre,vallenato,1b1fgYQgiR1Ynmy8pwx9Yy,https://i.scdn.co/image/ab67616d0000b27356c9aebb42ed8ab9e5f9092b,https://open.spotify.com/track/1b1fgYQgiR1Ynmy8pwx9Yy
Quiero Que Seas Mi Estrella,Binomio de Oro de América,Más Cerca De Ti,vallenato,7CFcADHXs2wjUxNyyoScEn,https://i.scdn.co/image/ab67616d0000b273aedb7ff7a166f601d9c59ea9,https://open.spotify.com/track/7CFcADHXs2wjUxNyyoScEn
Dime Como Te Olvido,Binomio de Oro de América,Haciendo Historia,vallenato,3rlwfFCQsq5GYr2XlKRltD,https://i.scdn.co/image/ab67616d0000b2736cf73ff4fe4598f84cd4847a,https://open.spotify.com/track/3rlwfFCQsq5GYr2XlKRltD
A Besitos,Los Diablitos,Mas Vallenato,vallenato,7CnlBAOTtLrPoSslicvZM7,https://i.scdn.co/image/ab67616d0000b2731a13f46c4bda0e732096c39e,https://open.spotify.com/track/7CnlBAOTtLrPoSslicvZM7
Te Sorprenderás,Los inquietos del vallenato,Inquietos por el Mundo,vallenato,1scX9xCsjlD02BxIv1cGe9,https://i.scdn.co/image/ab67616d0000b273f3076d42655e56007dc1d8d4,https://open.spotify.com/track/1scX9xCsjlD02BxIv1cGe9
Regálame Una Noche,Los inquietos del vallenato,Sueños de Colombia,vallenato,4v62HiR0HR8tw7E02EPkKS,https://i.scdn.co/image/ab67616d0000b2731803c7f56aa86fad36195288,https://open.spotify.com/track/4v62HiR0HR8tw7E02EPkKS
De Millon a Cero,Kaleth Morales,Unico,vallenato,5GpzV7vCxkwdLloBSZg6Xg,https://i.scdn.co/image/ab67616d0000b273dda96e138954e135de348d9b,https://open.spotify.com/track/5GpzV7vCxkwdLloBSZg6Xg
Entrégame Tu Amor,Los inquietos del vallenato,Sueños de Colombia,vallenato,3ZZCy7E48FJLu045mU2BsC,https://i.scdn.co/image/ab67616d0000b2731803c7f56aa86fad36195288,https://open.spotify.com/track/3ZZCy7E48FJLu045mU2BsC
Siete Palabras,Kaleth Morales,Unico,vallenato,5QYH8Sufitu4q7LQwdYcbv,https://i.scdn.co/image/ab67616d0000b273dda96e138954e135de348d9b,https://open.spotify.com/track/5QYH8Sufitu4q7LQwdYcbv
Eres (Version Vallenato),Alejandro Fernández,Eres (Version Vallenato),vallenato,5NNQTVbNmKhwCgIDbpy8pF,https://i.scdn.co/image/ab6742d3000053b7bac3d839bf455c57c1d7d813,https://open.spotify.com/track/5NNQTVbNmKhwCgIDbpy8pF
Quiero Saber de Ti,Los inquietos del vallenato,Volver a Triunfar,vallenato,0e3lJIEqUMNMf0S1WLjdkL,https://i.scdn.co/image/ab67616d0000b273d7520557d5244bd7187cf8a3,https://open.spotify.com/track/0e3lJIEqUMNMf0S1WLjdkL
Despues de Amar,Los inquietos del vallenato,Sueños de Colombia,vallenato,01xio0goHfItC0VWrTLB83,https://i.scdn.co/image/ab67616d0000b2731803c7f56aa86fad36195288,https://open.spotify.com/track/01xio0goHfItC0VWrTLB83
Cuando Casi Te Olvidaba,Los Diablitos,Mas Vallenato,vallenato,6Fn0YHHglTA5qBVXS8yOER,https://i.scdn.co/image/ab67616d0000b2731a13f46c4bda0e732096c39e,https://open.spotify.com/track/6Fn0YHHglTA5qBVXS8yOER
El Condor Herido,Diomedes Diaz,El Condor Herido,vallenato,1IV9C23i207aj9K3po1j21,https://i.scdn.co/image/ab67616d0000b273dbbc4609404f52394336102c,https://open.spotify.com/track/1IV9C23i207aj9K3po1j21
